x,y,z,rearZ,mattype,rearMat,Wm2Front,Wm2Back,Back/FrontRatio
-0.8954592,-0.8954592,5.13431,5.113637,a11.7.a0.APV_2_UP.6457,a11.7.a0.APV_2_UP.2310,1187998.0,152055.2,0.12799280796096224
-0.6728641,-0.6728641,5.248887,5.228214,a11.7.a0.APV_2_UP.6457,a11.7.a0.APV_2_UP.2310,1191210.0,152629.5,0.12812980068322982
-0.450269,-0.450269,5.363464,5.342791,a11.7.a0.APV_2_UP.6457,a11.7.a0.APV_2_UP.2310,1203842.0,153201.8,0.12726072015492007
-0.2276739,-0.2276739,5.478041,5.457367,a11.7.a0.APV_2_UP.6457,a11.7.a0.APV_2_UP.2310,1206221.0,152243.0,0.12621484775491817
-0.00507874,-0.00507874,5.592617,5.571944,a11.7.a1.APV_2_UP.6457,a11.7.a0.APV_2_UP.2310,1208592.0,152813.6,0.1264393607384135
0.2175164,0.2175164,5.707194,5.686521,a11.7.a1.APV_2_UP.6457,a11.7.a1.APV_2_UP.2310,1210146.0,153381.0,0.12674586361749254
0.4401115,0.4401115,5.821771,5.801098,a11.7.a1.APV_2_UP.6457,a11.7.a1.APV_2_UP.2310,1211268.0,153740.5,0.12692525508233912
0.6627066,0.6627066,5.936348,5.915674,a11.7.a1.APV_2_UP.6457,a11.7.a1.APV_2_UP.2310,1212382.0,154553.4,0.12747912776049206
0.8853017,0.8853017,6.050924,6.030251,a11.7.a1.APV_2_UP.6457,a11.7.a1.APV_2_UP.2310,1227755.0,152244.2,0.12400210129545221
