x,y,z,rearZ,mattype,rearMat,Wm2Front,Wm2Back,Back/FrontRatio
-0.8954592,-0.8954592,5.13431,5.113637,a11.7.a0.APV_2_UP.6457,a11.7.a0.APV_2_UP.2310,1182501.0,150849.9,0.12756851780457817
-0.6728641,-0.6728641,5.248887,5.228214,a11.7.a0.APV_2_UP.6457,a11.7.a0.APV_2_UP.2310,1187213.0,151519.8,0.1276264662468938
-0.450269,-0.450269,5.363464,5.342791,a11.7.a0.APV_2_UP.6457,a11.7.a0.APV_2_UP.2310,1197337.0,152188.2,0.1271055683344743
-0.2276739,-0.2276739,5.478041,5.457367,a11.7.a0.APV_2_UP.6457,a11.7.a0.APV_2_UP.2310,1200771.0,151179.8,0.12590227435047793
-0.00507874,-0.00507874,5.592617,5.571944,a11.7.a1.APV_2_UP.6457,a11.7.a0.APV_2_UP.2310,1206688.0,152042.2,0.12599959548284265
0.2175164,0.2175164,5.707194,5.686521,a11.7.a1.APV_2_UP.6457,a11.7.a1.APV_2_UP.2310,1208339.0,153703.0,0.12720188612036698
0.4401115,0.4401115,5.821771,5.801098,a11.7.a1.APV_2_UP.6457,a11.7.a1.APV_2_UP.2310,1209981.0,154443.7,0.1276414256689639
0.6627066,0.6627066,5.936348,5.915674,a11.7.a1.APV_2_UP.6457,a11.7.a1.APV_2_UP.2310,1214455.0,152868.6,0.125874239781734
0.8853017,0.8853017,6.050924,6.030251,a11.7.a1.APV_2_UP.6457,a11.7.a1.APV_2_UP.2310,1215379.0,153776.3,0.12652538827269075
