x,y,z,rearZ,mattype,rearMat,Wm2Front,Wm2Back,Back/FrontRatio
0.0,0.0,0.05,5.571944,groundplane,a11.7.a0.APV_2_UP.2310,701348.1999999998,153013.9,0.21817108788734174
