x,y,z,rearZ,mattype,rearMat,Wm2Front,Wm2Back,Back/FrontRatio
-0.8954592,-0.8954592,5.13431,5.113637,a11.7.a0.APV_2_UP.6457,a11.7.a0.APV_2_UP.2310,1182516.0,150279.9,0.12708487654536185
-0.6728641,-0.6728641,5.248887,5.228214,a11.7.a0.APV_2_UP.6457,a11.7.a0.APV_2_UP.2310,1187000.0,150425.5,0.1267274640886879
-0.450269,-0.450269,5.363464,5.342791,a11.7.a0.APV_2_UP.6457,a11.7.a0.APV_2_UP.2310,1202616.0,150569.7,0.12520180994997424
-0.2276739,-0.2276739,5.478041,5.457367,a11.7.a0.APV_2_UP.6457,a11.7.a0.APV_2_UP.2310,1205462.0,151764.5,0.1258973736825405
-0.00507874,-0.00507874,5.592617,5.571944,a11.7.a1.APV_2_UP.6457,a11.7.a0.APV_2_UP.2310,1213912.0,152369.3,0.12551923028562265
0.2175164,0.2175164,5.707194,5.686521,a11.7.a1.APV_2_UP.6457,a11.7.a1.APV_2_UP.2310,1214708.0,153044.7,0.12599299574383888
0.4401115,0.4401115,5.821771,5.801098,a11.7.a1.APV_2_UP.6457,a11.7.a1.APV_2_UP.2310,1215494.0,153763.3,0.12650272224585007
0.6627066,0.6627066,5.936348,5.915674,a11.7.a1.APV_2_UP.6457,a11.7.a1.APV_2_UP.2310,1217991.0,153808.0,0.12628007914156997
0.8853017,0.8853017,6.050924,6.030251,a11.7.a1.APV_2_UP.6457,a11.7.a1.APV_2_UP.2310,1218530.0,154722.3,0.12697455119941686
