x,y,z,rearZ,mattype,rearMat,Wm2Front,Wm2Back,Back/FrontRatio
-0.00507874,-0.00507874,5.592617,5.571944,a11.7.a1.APV_2_UP.6457,a11.7.a0.APV_2_UP.2310,1214034.0,152515.3,0.12562687690326063
