x,y,z,rearZ,mattype,rearMat,Wm2Front,Wm2Back,Back/FrontRatio
-0.8954592,-0.8954592,5.13431,5.113637,a11.7.a0.APV_2_UP.6457,a11.7.a0.APV_2_UP.2310,1193056.0,149091.0,0.12496563436673079
-0.6728641,-0.6728641,5.248887,5.228214,a11.7.a0.APV_2_UP.6457,a11.7.a0.APV_2_UP.2310,1197681.0,149618.7,0.12492366487827422
-0.450269,-0.450269,5.363464,5.342791,a11.7.a0.APV_2_UP.6457,a11.7.a0.APV_2_UP.2310,1202750.0,150145.8,0.12483541872805202
-0.2276739,-0.2276739,5.478041,5.457367,a11.7.a0.APV_2_UP.6457,a11.7.a0.APV_2_UP.2310,1205591.0,151830.8,0.12593889625425297
-0.00507874,-0.00507874,5.592617,5.571944,a11.7.a1.APV_2_UP.6457,a11.7.a0.APV_2_UP.2310,1209054.0,152239.3,0.1259160466563809
0.2175164,0.2175164,5.707194,5.686521,a11.7.a1.APV_2_UP.6457,a11.7.a1.APV_2_UP.2310,1210892.0,152646.7,0.1260613662274907
0.4401115,0.4401115,5.821771,5.801098,a11.7.a1.APV_2_UP.6457,a11.7.a1.APV_2_UP.2310,1212720.0,153693.7,0.1267346954558887
0.6627066,0.6627066,5.936348,5.915674,a11.7.a1.APV_2_UP.6457,a11.7.a1.APV_2_UP.2310,1216001.0,154585.7,0.127126293377122
0.8853017,0.8853017,6.050924,6.030251,a11.7.a1.APV_2_UP.6457,a11.7.a1.APV_2_UP.2310,1217076.0,152784.1,0.12553373813506
