x,y,z,rearZ,mattype,rearMat,Wm2Front,Wm2Back,Back/FrontRatio
-0.8954592,-0.8954592,5.13431,5.113637,a11.0.a0.APV_2_UP.6457,a11.0.a0.APV_2_UP.2310,1225023.0,190263.70000000004,0.15531438988874957
-0.6728641,-0.6728641,5.248887,5.228214,a11.0.a0.APV_2_UP.6457,a11.0.a0.APV_2_UP.2310,1225008.0,189811.20000000004,0.15494690634269584
-0.450269,-0.450269,5.363464,5.342791,a11.0.a0.APV_2_UP.6457,a11.0.a0.APV_2_UP.2310,1224981.0,189655.1,0.15482289100416832
-0.2276739,-0.2276739,5.478041,5.457367,a11.0.a0.APV_2_UP.6457,a11.0.a0.APV_2_UP.2310,1224954.0,189448.20000000004,0.15465739925363944
-0.00507874,-0.00507874,5.592617,5.571944,a11.0.a1.APV_2_UP.6457,a11.0.a0.APV_2_UP.2310,1224927.0,187784.1,0.15330227829633744
0.2175164,0.2175164,5.707194,5.686521,a11.0.a1.APV_2_UP.6457,a11.0.a1.APV_2_UP.2310,1224900.0,187711.1,0.15324606077782182
0.4401115,0.4401115,5.821771,5.801098,a11.0.a1.APV_2_UP.6457,a11.0.a1.APV_2_UP.2310,1224873.0,187079.9,0.1527341200657259
0.6627066,0.6627066,5.936348,5.915674,a11.0.a1.APV_2_UP.6457,a11.0.a1.APV_2_UP.2310,1228695.0,187158.6,0.15232307435749062
0.8853017,0.8853017,6.050924,6.030251,a11.0.a1.APV_2_UP.6457,a11.0.a1.APV_2_UP.2310,1228636.0,186145.0,0.1515054091272717
