x,y,z,rearZ,mattype,rearMat,Wm2Front,Wm2Back,Back/FrontRatio
4.79E-17,-0.3912669,0.2377679,0.2161022,a9.3.a0.test-module.6457,a9.3.a0.test-module.2310,1154128,318389.3,0.275870007
3.60E-17,-0.2943619,0.2548549,0.2331892,a9.3.a0.test-module.6457,a9.3.a0.test-module.2310,1154461,237971.3,0.206131952
2.42E-17,-0.1974568,0.2719419,0.2502761,a9.3.a0.test-module.6457,a9.3.a0.test-module.2310,1154770,185485.8,0.160625752
1.23E-17,-0.1005517,0.2890289,0.2673631,a9.3.a0.test-module.6457,a9.3.a0.test-module.2310,1155080,162120.1,0.140354001
4.47E-19,-0.003646612,0.3061159,0.2844501,a9.3.a0.test-module.6457,a9.3.a0.test-module.2310,1155390,152877.3,0.13231662
-1.14E-17,0.09325847,0.3232028,0.3015371,a9.3.a0.test-module.6457,a9.3.a0.test-module.2310,1155699,157051,0.13589265
-2.33E-17,0.1901636,0.3402898,0.3186241,a9.3.a0.test-module.6457,a9.3.a0.test-module.2310,1153872,174763.6,0.151458394
-3.52E-17,0.2870686,0.3573768,0.335711,a9.3.a0.test-module.6457,a9.3.a0.test-module.2310,1153841,204825,0.177515793
-4.70E-17,0.3839737,0.3744638,0.352798,a9.3.a0.test-module.6457,a9.3.a0.test-module.2310,1153784,242511.4,0.210187869
